Book recommendations for Biography,book_recommendation
Book recommendations for Biographies,book_recommendation
Good biography books,book_recommendation
Recommend good biography based books.,book_recommendation
Recommend good books for biography,book_recommendation
Book recommendations for Mystery,book_recommendation
Book recommendations for Horror,book_recommendation
Book recommendations for Memoir,book_recommendation
Book recommendations for Psychology,book_recommendation
Book recommendations for Fiction,book_recommendation
Book recommendations for Dystopia Fiction,book_recommendation
Book recommendations for Realistic Fiction,book_recommendation
Book recommendations for Science Fiction,book_recommendation
Book recommendations for Fantasy,book_recommendation
Book recommendations for Historical Fiction,book_recommendation
Book recommendations for Short Stories,book_recommendation
Book recommendations for Young Adult,book_recommendation
Book recommendations for Kids,book_recommendation
Recommend good books for Mystery,book_recommendation
Recommend good books for Horror,book_recommendation
Recommend good books for Memoir,book_recommendation
Recommend good books for Psychology,book_recommendation
Recommend good books for Dystopia Fiction,book_recommendation
Recommend good books for Realistic Fiction,book_recommendation
Recommend good books for Science Fiction,book_recommendation
Recommend good books for Fantasy,book_recommendation
Recommend good books for Historical Fiction,book_recommendation
Recommend good books for Short Stories,book_recommendation
Recommend good books for Young Adult,book_recommendation
Recommend good books for Kids,book_recommendation
Good Mystery books,book_recommendation
Good Horror books,book_recommendation
Good Memoir books,book_recommendation
Good Psychology books,book_recommendation
Good Dystopia Fiction books,book_recommendation
Good Realistic Fiction books,book_recommendation
Good Science Fiction,book_recommendation
good Fantasy  books,book_recommendation
Good Historical Fiction books,book_recommendation
Good Short Stories books,book_recommendation
Good Young Adult books,book_recommendation
Good Kids books,book_recommendation
Good books for Mystery genre,book_recommendation
Good books for Horror genre,book_recommendation
Good books for Memoir genre,book_recommendation
Good books for Psychology genre,book_recommendation
Good books for Fiction genre,book_recommendation
Good books for Dystopia Fiction genre,book_recommendation
Good books for Realistic Fiction genre,book_recommendation
Good books for Science Fiction genre,book_recommendation
Good books for Fantasy genre,book_recommendation
Good books for Historical Fiction genre,book_recommendation
Good books for Short Stories genre,book_recommendation
Good books for Young Adult genre,book_recommendation
Good books for Kids genre,book_recommendation
